username,password,role
bethanymendez,r1T3414q$Q,blogger
richardcooke,B@89KaRz3z,blogger
kiara30,)54CLDaz)O,editor
bergermalik,OI%%I6Cg@P,editor
cindytaylor,U)#8gKdOPL,editor
jennifer52,18PdsyjZ*^,admin
youngfrances,N$d)6UcJv),blogger
christinaharris,_O&w4MikFZ,admin
hunternorris,x1)t6Xxo$n,blogger
rhensley,%@IjeB3$9x,editor
crystal75,0nqMK!gm&U,blogger
egomez,_fuA#Pdq8),admin
marc87,3@6Oc2uA#%,editor
mdavis,+2Qz%WbyXA,blogger
jfitzgerald,5zKImizh!!,editor
millerdouglas,H%P2GhrQ5Y,blogger
